protein,diff_simulated,diff_pbrm1,correlation
LIMD2,-1.8213636363636363,-0.140323,-0.23661181748955273
GTSF1,-1.5362500000000008,-1.15029,-0.17223567514587723
SCNM1,-1.2244999999999997,-0.224846,-0.15779138296932207
GFRA1,-3.256666666666667,-0.708021,-0.13205306160260455
APOH,-1.44,-0.34083,-0.12095756884227267
SOD3,2.236,0.865614,0.08703875933263445
MARVELD2,0.6289999999999999,0.898218,0.12914466926829796
PBRM1,-2.381666666666667,-3.5809,1.0
